[
    {
        "file_id": "masked_BIO DATA_john (1) (2).pdf",
        "action": "upload",
        "actor": "User123",
        "timestamp": "2024-12-12T14:07:25.543605"
    },
    {
        "file_id": "masked_BIO DATA_john (1).pdf",
        "action": "upload",
        "actor": "User123",
        "timestamp": "2024-12-12T14:07:32.296952"
    },
    {
        "file_id": "masked_BIO DATA_john (1) (2).pdf",
        "action": "upload",
        "actor": "User123",
        "timestamp": "2024-12-12T14:10:19.364818"
    },
    {
        "file_id": "masked_BIO DATA_john (1) (2).pdf",
        "action": "upload",
        "actor": "User123",
        "timestamp": "2024-12-12T14:12:36.225234"
    },
    {
        "file_id": "masked_BIO DATA_john (1) (2).pdf",
        "action": "delete",
        "actor": "Admin",
        "timestamp": "2024-12-12T14:12:47.452411"
    },
    {
        "file_id": "df320253-f2bb-4e7a-bb14-268ec8441c86",
        "action": "upload",
        "actor": "User123",
        "timestamp": "2024-12-12T14:14:39.724317"
    },
    {
        "file_id": "df320253-f2bb-4e7a-bb14-268ec8441c86",
        "action": "delete",
        "actor": "Admin",
        "timestamp": "2024-12-12T14:14:50.763175"
    },
    {
        "file_id": "a47ed262-885d-4942-bd3a-c35d15d87468",
        "action": "upload",
        "actor": "User123",
        "timestamp": "2024-12-12T14:16:55.716666"
    },
    {
        "file_id": "a47ed262-885d-4942-bd3a-c35d15d87468",
        "action": "delete",
        "actor": "Admin",
        "timestamp": "2024-12-12T14:17:07.363185"
    },
    {
        "file_id": "1b881a2e-7369-453f-b4d6-e389dbbd9779",
        "action": "upload",
        "actor": "User123",
        "timestamp": "2024-12-12T14:20:08.796566"
    },
    {
        "file_id": "4db17618-574b-42e2-97ef-8d133239433b",
        "action": "upload",
        "actor": "User123",
        "timestamp": "2024-12-12T14:20:51.651800"
    }
]